{
    "Linear Regression": {
        "MSE": 48077731.16919359,
        "R2": 0.9068577573647874
    },
    "Decision Tree": {
        "MSE": 48811060.5,
        "R2": 0.9054370593243345
    },
    "KNN": {
        "MSE": 19169382.097222235,
        "R2": 0.9628626560562275
    }
}